{
    "providers": [
        {
            "type": "bitmap",
            "file": "minecraft:font/chief.png",
            "ascent": 7,
            "height": 7,
            "chars": [
                    "\u03A9"
                ]
        },
        {
            "type": "bitmap",
            "file": "minecraft:font/verificado.png",
            "ascent": 7,
            "height": 7,
            "chars": [
                    "\u03AA"
                 ]
        },
        {
            "type": "bitmap",
            "file": "minecraft:font/logo.png",
            "ascent": 4,
            "height": 30,
            "chars": [
                    "\u03A8"
                 ]
        }
    ]
}